name,link
Tivi,https://dienmaycholon.com/tivi
Loa kéo,https://dienmaycholon.com/loa-keo
Âm thanh,https://dienmaycholon.com/am-thanh
Loa xách tay,https://dienmaycholon.com/loa-karaoke-xach-tay
Tủ lạnh,https://dienmaycholon.com/tu-lanh
Tủ đông,https://dienmaycholon.com/tu-dong
Tủ mát,https://dienmaycholon.com/tu-mat
Máy giặt,https://dienmaycholon.com/may-giat
Máy sấy,https://dienmaycholon.com/may-say
Máy lạnh,https://dienmaycholon.com/may-lanh
Quạt điều hòa,https://dienmaycholon.com/may-lam-mat-quat-dieu-hoa
Quạt điện,https://dienmaycholon.com/quat
Lọc khí,https://dienmaycholon.com/may-loc-khong-khi
Gia dụng,https://dienmaycholon.com/gia-dung
Khỏe & Đẹp,https://dienmaycholon.com/suc-khoe-sac-dep
Lọc nước,https://dienmaycholon.com/may-loc-nuoc
Máy nước nóng,https://dienmaycholon.com/may-nuoc-nong
Đồ dùng nhà bếp,https://dienmaycholon.com/do-dung-nha-bep
Gia đình,https://dienmaycholon.com/do-dung-gia-dinh
Điện thoại,https://dienmaycholon.com/dien-thoai-di-dong
Tablet,https://dienmaycholon.com/may-tinh-bang
Phụ kiện,https://dienmaycholon.com/phu-kien-di-dong
Đồng hồ thông minh,https://dienmaycholon.com/dong-ho-thong-minh
Phòng khách,https://dienmaycholon.com/noi-that
Phòng ăn,https://dienmaycholon.com/noi-that
Phòng ngủ,https://dienmaycholon.com/noi-that
Trang trí,https://dienmaycholon.com/noi-that-trang-tri-nha-cua
